Workbook

Sheet 안내
B2: 연금저축 · IRP · ISA · 해외주식 절세계산기 2026
B3: 장릉곰 공부장 제작 · 기준일 2026-09-09 · 세법이 바뀌면 「가정」시트의 파란 숫자만 고치면 전체가 다시 계산됩니다.
B5: 사용법
B6: 1. 「입력」시트의 노란 칸(파란 글씨)에 본인 숫자를 넣습니다. 나머지 칸은 손대지 않습니다.
B7: 2. 「결과」시트에서 올해 돌려받는 세금·아끼는 세금의 합계를 봅니다.
B8: 3. 「시나리오」시트에서 연금저축 납입액을 얼마로 할 때 환급이 어떻게 변하는지 비교합니다.
B9: 4. 「가정」시트에 모든 세법 수치와 출처·확인일이 있습니다. 판단을 좌우하는 수치는 국세청·거래 금융기관 안내로 재확인하세요.
B11: 색 규칙
B12: 파란 글씨 + 노란 칸 = 내가 입력하는 값 · 검은 글씨 = 수식(건드리지 않음) · 초록 글씨 = 다른 시트에서 가져온 값
B14: 이 계산기가 하는 것 / 하지 않는 것
B15: 하는 것: 연금저축·IRP 세액공제 환급액, ISA 비과세·분리과세 절세액, ISA 만기 연금전환 추가공제, 해외주식 양도세, 미국 배당 원천징수 계산.
B16: 하지 않는 것: 특정 상품 추천, 수익률 예측, 종합소득세 신고 대행. 결과는 참고용이며 최종 확인은 국세청 홈택스·세무사에게.
B18: 면책: 이 파일은 정보 제공 목적의 계산 도구이며 투자자문이 아닙니다. 계산 결과로 인한 손실에 대해 제작자는 책임지지 않습니다. 재배포·재판매 금지.

Sheet 가정
A1: 세법 가정 (파란 숫자만 수정)
A3: 항목 | B3: 값 | C3: 등급 | D3: 확인일 | E3: 출처 · 메모
A4: 연금저축 단독 세액공제 한도 | B4: 6000000 | C4: A | D4: 2026-09-09 | E4: 소득세법 제59조의3
A5: 연금저축+IRP 합산 세액공제 한도 | B5: 9000000 | C5: A | D5: 2026-09-09 | E5: 소득세법 제59조의3
A6: 공제율 (지방세 포함) — 총급여 5,500만 이하 / 종합소득 4,500만 이하 | B6: 0.165 | C6: B | D6: 2026-09-09 | E6: 국세 15% + 지방소득세 1.5%. 금융기관 안내 다수 일치
A7: 공제율 (지방세 포함) — 그 외 | B7: 0.132 | C7: B | D7: 2026-09-09 | E7: 국세 12% + 지방소득세 1.2%
A8: 공제율 판정 기준 — 총급여(근로소득만) | B8: 55000000 | C8: A | D8: 2026-09-09 | E8: 소득세법 제59조의3
A9: 공제율 판정 기준 — 종합소득금액 | B9: 45000000 | C9: A | D9: 2026-09-09 | E9: 소득세법 제59조의3
A10: 연금계좌 연간 납입한도 (세액공제와 별개) | B10: 18000000 | C10: C | D10: 2026-09-09 | E10: 조세특례제한법상 연금계좌 합산 납입한도로 알려짐. 원문 미확인 → 경고 표시에만 사용
A11: 연금외수령(중도해지) 기타소득세 | B11: 0.165 | C11: B | D11: 2026-09-09 | E11: 금융기관 안내 다수 일치
A12: ISA 비과세 한도 — 일반형 | B12: 2000000 | C12: A | D12: 2026-09-09 | E12: 조세특례제한법 제91조의18 · 실제 계좌 화면 확인
A13: ISA 비과세 한도 — 서민형 | B13: 4000000 | C13: A | D13: 2026-09-09 | E13: 직전 과세기간 총급여 5,000만 이하. 동 조문
A14: ISA 서민형 요건 — 총급여 | B14: 50000000 | C14: A | D14: 2026-09-09 | E14: 동 조문
A15: ISA 한도 초과분 분리과세율 | B15: 0.099 | C15: B | D15: 2026-09-09 | E15: 9% + 지방소득세 0.9%
... A24: 금융소득종합과세 기준 | B24: 20000000 | C24: B | D24: 2026-09-09 | E24: 연 2,000만원 초과 시 종합과세
A26: 등급: A = 법령 조문·국세청 안내·실제 계좌 화면으로 확인 / B = 금융기관·언론 2차 출처 다수 일치 / C = 원문 미확인(참고용)

Sheet 입력
A1: 입력 — 노란 칸만 채우세요
A2: 예시 값이 들어 있습니다. 본인 숫자로 바꾸세요.
A4: ① 소득
A5: 소득 구분 | B5: 근로소득만 | C5: 근로소득만 / 종합소득 있음 (드롭다운)
A6: 총급여 (근로소득만일 때) 또는 종합소득금액 | B6: 70000000 | C6: 원천징수영수증 「총급여」 또는 종합소득금액
A8: ② 연금계좌 납입 (올해)
A9: 연금저축 납입액 | B9: 6000000 | C9: 연 600만원까지 공제 대상
A10: IRP 납입액 (개인 추가 납입분) | B10: 0 | C10: 연금저축과 합산 900만원까지 공제 대상
A12: ③ ISA
A13: ISA 유형 | B13: 일반형 | C13: 일반형 / 서민형 (드롭다운)
A14: 만기까지 예상 순이익 (이자·배당·매매차익 합산, 손실 차감 후) | B14: 3000000 | C14: 3년 보유 기준으로 계좌 안에서 실현될 이익의 합
A15: 만기 후 연금계좌로 전환할 금액 (0이면 전환 안 함) | B15: 0 | C15: 해지 후 60일 이내 연금저축·IRP로 이체하는 금액
A17: ④ 해외주식 일반계좌 (올해)
A18: 해외주식 실현 손익 합계 (매도분만, 손실은 음수) | B18: 0 | C18: 연간 손익통산. 미실현 평가손익은 제외
A19: 미국 주식·ETF 배당 수령액 (세전, 원화 환산) | B19: 1240000 | C19: 현지에서 15% 원천징수됨

Sheet 결과
A1: 결과 — 올해 돌려받거나 아끼는 세금
A3: ① 연금저축 · IRP 세액공제
A4: 적용 공제율 | B4: =IF(OR(AND(입력!$B$5="근로소득만",입력!$B$6<=가정!$B$8),AND(입력!$B$5="종합소득 있음",입력!$B$6<=가정!$B$9)),가정!$B$6,가정!$B$7) | C4: 총급여 5,500만(종합소득 4,500만) 이하 16.5%, 초과 13.2%
A5: 연금저축 공제 대상액 | B5: =MIN(입력!$B$9,가정!$B$4) | C5: 연 600만원 한도
A6: IRP 공제 대상액 | B6: =MAX(0,MIN(입력!$B$10,가정!$B$5-B5)) | C6: 합산 900만원 한도에서 연금저축분을 뺀 나머지
A7: 공제 대상 합계 | B7: =B5+B6
A8: 예상 세액공제 (환급액) | B8: =B7*B4 | C8: 결정세액이 이보다 작으면 결정세액까지만 환급됨
A9: 납입액 대비 즉시 수익률 | B9: =IF((입력!$B$9+입력!$B$10)=0,0,B8/(입력!$B$9+입력!$B$10)) | C9: 넣은 돈 대비 돌려받는 비율
A10: 공제 한도까지 남은 납입 여력 | B10: =가정!$B$5-B7 | C10: 0이면 한도를 다 채운 것
A11: 납입한도 경고 | B11: =IF((입력!$B$9+입력!$B$10)>가정!$B$10,"⚠ 연금계좌 연간 납입한도 초과 가능 — 금융기관 확인","정상") | C11: 가정 등급 C — 참고용
A13: ② ISA 절세
A14: 적용 비과세 한도 | B14: =IF(입력!$B$13="서민형",가정!$B$13,가정!$B$12) | C14: 일반형 200만 / 서민형 400만
A15: 비과세 적용 이익 | B15: =MAX(0,MIN(입력!$B$14,B14))
A16: 한도 초과 이익 (9.9% 분리과세) | B16: =MAX(0,입력!$B$14-B14)
A17: ISA 안에서 내는 세금 | B17: =B16*가정!$B$15
A18: 같은 이익을 일반계좌에서 냈을 때 세금 | B18: =MAX(0,입력!$B$14)*가정!$B$20 | C18: 이자·배당·국내상장 해외ETF 매매차익 15.4% 기준. 국내 주식 매매차익(비과세)은 제외하고 입력
A19: ISA 절세액 | B19: =B18-B17
A20: 만기 연금전환 추가 세액공제 대상 | B20: =MIN(입력!$B$15*가정!$B$18,가정!$B$19) | C20: 전환금액 10%, 최대 300만원
A21: 만기 연금전환 추가 환급액 | B21: =B20*B4 | C21: 그 해 연금계좌 공제한도가 900만→1,200만원으로 늘어남
A22: 서민형 해당 여부 점검 | B22: =IF(AND(입력!$B$13="일반형",입력!$B$5="근로소득만",입력!$B$6<=가정!$B$14),"총급여 5,000만 이하 → 서민형 전환 검토 (비과세 400만)","해당 없음")
A24: ③ 해외주식 일반계좌
A25: 양도소득 과세표준 | B25: =MAX(0,입력!$B$18-가정!$B$22) | C25: 연간 손익통산 후 250만원 공제
A26: 예상 양도소득세 | B26: =B25*가정!$B$21 | C26: 다음 해 5월 신고·납부
A27: 기본공제 남은 한도 (연내 추가 실현 가능 이익) | B27: =MAX(0,가정!$B$22-MAX(0,입력!$B$18)) | C27: 이만큼은 올해 실현해도 세금 0
A28: 미국 배당 현지 원천징수액 | B28: =입력!$B$19*가정!$B$23 | C28: 회수 불가. 국내 추가 과세 없음
A29: 금융소득종합과세 점검 | B29: =IF(입력!$B$19>가정!$B$24,"⚠ 금융소득 2,000만 초과 — 종합과세 대상 확인","해당 없음") | C29: 이자·배당 합산 기준. 다른 금융소득이 있으면 더해서 판단
A31: ④ 합계
A32: 올해 돌려받는 세금 (①환급 + ②전환환급) | B32: =B8+B21
A33: 아끼는 세금 (②ISA 절세) | B33: =B19
A34: 내야 하는 세금 (③양도세 + 배당 원천징수) | B34: =B26+B28
A35: 순 절세 효과 | B35: =B32+B33-B34 | C35: 환급 + 절세 − 납부

Sheet 시나리오
A1: 연금저축 납입액별 환급액 (IRP 납입은 「입력」값 고정)
A3: 연금저축 납입액 | B3: 연금저축 공제대상 | C3: IRP 공제대상 | D3: 공제대상 합계 | E3: 환급액 | F3: 납입 대비 수익률
A4: 0 | B4: =MIN(A4,가정!$B$4) | C4: =MAX(0,MIN(입력!$B$10,가정!$B$5-B4)) | D4: =B4+C4 | E4: =D4*결과!$B$4 | F4: =IF((A4+입력!$B$10)=0,0,E4/(A4+입력!$B$10))
A5: 1000000 | B5: =MIN(A5,가정!$B$4) | C5: =MAX(0,MIN(입력!$B$10,가정!$B$5-B5)) | D5: =B5+C5 | E5: =D5*결과!$B$4 | F5: =IF((A5+입력!$B$10)=0,0,E5/(A5+입력!$B$10))
A6: 2000000 | B6: =MIN(A6,가정!$B$4) | C6: =MAX(0,MIN(입력!$B$10,가정!$B$5-B6)) | D6: =B6+C6 | E6: =D6*결과!$B$4 | F6: =IF((A6+입력!$B$10)=0,0,E6/(A6+입력!$B$10))
A7: 3000000 | B7: =MIN(A7,가정!$B$4) | C7: =MAX(0,MIN(입력!$B$10,가정!$B$5-B7)) | D7: =B7+C7 | E7: =D7*결과!$B$4 | F7: =IF((A7+입력!$B$10)=0,0,E7/(A7+입력!$B$10))
A8: 4000000 | B8: =MIN(A8,가정!$B$4) | C8: =MAX(0,MIN(입력!$B$10,가정!$B$5-B8)) | D8: =B8+C8 | E8: =D8*결과!$B$4 | F8: =IF((A8+입력!$B$10)=0,0,E8/(A8+입력!$B$10))
A9: 5000000 | B9: =MIN(A9,가정!$B$4) | C9: =MAX(0,MIN(입력!$B$10,가정!$B$5-B9)) | D9: =B9+C9 | E9: =D9*결과!$B$4 | F9: =IF((A9+입력!$B$10)=0,0,E9/(A9+입력!$B$10))
A10: 6000000 | B10: =MIN(A10,가정!$B$4) | C10: =MAX(0,MIN(입력!$B$10,가정!$B$5-B10)) | D10: =B10+C10 | E10: =D10*결과!$B$4 | F10: =IF((A10+입력!$B$10)=0,0,E10/(A10+입력!$B$10))
A11: 7000000 | B11: =MIN(A11,가정!$B$4) | C11: =MAX(0,MIN(입력!$B$10,가정!$B$5-B11)) | D11: =B11+C11 | E11: =D11*결과!$B$4 | F11: =IF((A11+입력!$B$10)=0,0,E11/(A11+입력!$B$10))
A12: 8000000 | B12: =MIN(A12,가정!$B$4) | C12: =MAX(0,MIN(입력!$B$10,가정!$B$5-B12)) | D12: =B12+C12 | E12: =D12*결과!$B$4 | F12: =IF((A12+입력!$B$10)=0,0,E12/(A12+입력!$B$10))
A13: 9000000 | B13: =MIN(A13,가정!$B$4) | C13: =MAX(0,MIN(입력!$B$10,가정!$B$5-B13)) | D13: =B13+C13 | E13: =D13*결과!$B$4 | F13: =IF((A13+입력!$B$10)=0,0,E13/(A13+입력!$B$10))
A15: 파란 납입액은 바꿔도 됩니다. 환급액은 「결과」의 공제율을 따릅니다. 600만원을 넘는 연금저축분은 공제되지 않으므로 초과분은 IRP로 넣는 것이 유리합니다.
